2021-09-16T19:52:42.748+09:00,user,KeyEvent,32:32:0,study4,Editor,C:/Users/user/Desktop/수업/2학년/플랫폼기반 프로그래밍/study4/src/StringSetManager.java,StringSetManager::print,131,0,Default task
2021-09-16T19:52:43.029+09:00,user,Action,EditorBackSpace,study4,Editor,C:/Users/user/Desktop/수업/2학년/플랫폼기반 프로그래밍/study4/src/StringSetManager.java,StringSetManager::print,131,1,Default task
2021-09-16T19:52:43.029+09:00,user,KeyEvent,8:8:0,study4,Editor,C:/Users/user/Desktop/수업/2학년/플랫폼기반 프로그래밍/study4/src/StringSetManager.java,StringSetManager::print,130,54,Default task
2021-09-16T19:52:44.008+09:00,user,Action,EditorEnter,study4,Editor,C:/Users/user/Desktop/수업/2학년/플랫폼기반 프로그래밍/study4/src/StringSetManager.java,StringSetManager::print,130,54,Default task
2021-09-16T19:52:44.008+09:00,user,KeyEvent,10:10:0,study4,Editor,C:/Users/user/Desktop/수업/2학년/플랫폼기반 프로그래밍/study4/src/StringSetManager.java,StringSetManager::print,131,8,Default task
2021-09-16T19:52:48.609+09:00,user,Action,Run,study4,Editor,C:/Users/user/Desktop/수업/2학년/플랫폼기반 프로그래밍/study4/src/StringSetManager.java,StringSetManager::print,131,8,Default task
2021-09-16T19:52:54.548+09:00,user,KeyEvent,97:65:0,study4,Editor,C:/Users/user/Desktop/수업/2학년/플랫폼기반 프로그래밍/study4/src/StringSetManager.java,StringSetManager::print,131,8,Default task
2021-09-16T19:52:54.919+09:00,user,KeyEvent,100:68:0,study4,Editor,C:/Users/user/Desktop/수업/2학년/플랫폼기반 프로그래밍/study4/src/StringSetManager.java,StringSetManager::print,131,8,Default task
2021-09-16T19:52:55.088+09:00,user,KeyEvent,100:68:0,study4,Editor,C:/Users/user/Desktop/수업/2학년/플랫폼기반 프로그래밍/study4/src/StringSetManager.java,StringSetManager::print,131,8,Default task
2021-09-16T19:52:55.268+09:00,user,KeyEvent,32:32:0,study4,Editor,C:/Users/user/Desktop/수업/2학년/플랫폼기반 프로그래밍/study4/src/StringSetManager.java,StringSetManager::print,131,8,Default task
2021-09-16T19:52:57.535+09:00,user,KeyEvent,65535:16:1,study4,Editor,C:/Users/user/Desktop/수업/2학년/플랫폼기반 프로그래밍/study4/src/StringSetManager.java,StringSetManager::print,131,8,Default task
2021-09-16T19:52:57.748+09:00,user,KeyEvent,80:80:1,study4,Editor,C:/Users/user/Desktop/수업/2학년/플랫폼기반 프로그래밍/study4/src/StringSetManager.java,StringSetManager::print,131,8,Default task
2021-09-16T19:52:58.048+09:00,user,KeyEvent,78:78:1,study4,Editor,C:/Users/user/Desktop/수업/2학년/플랫폼기반 프로그래밍/study4/src/StringSetManager.java,StringSetManager::print,131,8,Default task
2021-09-16T19:52:58.438+09:00,user,KeyEvent,85:85:1,study4,Editor,C:/Users/user/Desktop/수업/2학년/플랫폼기반 프로그래밍/study4/src/StringSetManager.java,StringSetManager::print,131,8,Default task
2021-09-16T19:52:58.848+09:00,user,KeyEvent,10:10:0,study4,Editor,C:/Users/user/Desktop/수업/2학년/플랫폼기반 프로그래밍/study4/src/StringSetManager.java,StringSetManager::print,131,8,Default task
2021-09-16T19:52:59.448+09:00,user,KeyEvent,97:65:0,study4,Editor,C:/Users/user/Desktop/수업/2학년/플랫폼기반 프로그래밍/study4/src/StringSetManager.java,StringSetManager::print,131,8,Default task
2021-09-16T19:52:59.768+09:00,user,KeyEvent,100:68:0,study4,Editor,C:/Users/user/Desktop/수업/2학년/플랫폼기반 프로그래밍/study4/src/StringSetManager.java,StringSetManager::print,131,8,Default task
2021-09-16T19:52:59.988+09:00,user,KeyEvent,100:68:0,study4,Editor,C:/Users/user/Desktop/수업/2학년/플랫폼기반 프로그래밍/study4/src/StringSetManager.java,StringSetManager::print,131,8,Default task
2021-09-16T19:53:00.208+09:00,user,KeyEvent,32:32:0,study4,Editor,C:/Users/user/Desktop/수업/2학년/플랫폼기반 프로그래밍/study4/src/StringSetManager.java,StringSetManager::print,131,8,Default task
2021-09-16T19:53:00.358+09:00,user,KeyEvent,105:73:0,study4,Editor,C:/Users/user/Desktop/수업/2학년/플랫폼기반 프로그래밍/study4/src/StringSetManager.java,StringSetManager::print,131,8,Default task
2021-09-16T19:53:00.441+09:00,user,KeyEvent,115:83:0,study4,Editor,C:/Users/user/Desktop/수업/2학년/플랫폼기반 프로그래밍/study4/src/StringSetManager.java,StringSetManager::print,131,8,Default task
2021-09-16T19:53:00.748+09:00,user,KeyEvent,10:10:0,study4,Editor,C:/Users/user/Desktop/수업/2학년/플랫폼기반 프로그래밍/study4/src/StringSetManager.java,StringSetManager::print,131,8,Default task
2021-09-16T19:53:01.368+09:00,user,KeyEvent,65535:16:1,study4,Editor,C:/Users/user/Desktop/수업/2학년/플랫폼기반 프로그래밍/study4/src/StringSetManager.java,StringSetManager::print,131,8,Default task
2021-09-16T19:53:01.745+09:00,user,KeyEvent,97:65:0,study4,Editor,C:/Users/user/Desktop/수업/2학년/플랫폼기반 프로그래밍/study4/src/StringSetManager.java,StringSetManager::print,131,8,Default task
2021-09-16T19:53:01.998+09:00,user,KeyEvent,100:68:0,study4,Editor,C:/Users/user/Desktop/수업/2학년/플랫폼기반 프로그래밍/study4/src/StringSetManager.java,StringSetManager::print,131,8,Default task
2021-09-16T19:53:02.159+09:00,user,KeyEvent,100:68:0,study4,Editor,C:/Users/user/Desktop/수업/2학년/플랫폼기반 프로그래밍/study4/src/StringSetManager.java,StringSetManager::print,131,8,Default task
2021-09-16T19:53:02.368+09:00,user,KeyEvent,32:32:0,study4,Editor,C:/Users/user/Desktop/수업/2학년/플랫폼기반 프로그래밍/study4/src/StringSetManager.java,StringSetManager::print,131,8,Default task
2021-09-16T19:53:03.138+09:00,user,KeyEvent,65535:16:1,study4,Editor,C:/Users/user/Desktop/수업/2학년/플랫폼기반 프로그래밍/study4/src/StringSetManager.java,StringSetManager::print,131,8,Default task
2021-09-16T19:53:03.339+09:00,user,KeyEvent,87:87:1,study4,Editor,C:/Users/user/Desktop/수업/2학년/플랫폼기반 프로그래밍/study4/src/StringSetManager.java,StringSetManager::print,131,8,Default task
2021-09-16T19:53:03.518+09:00,user,KeyEvent,111:79:0,study4,Editor,C:/Users/user/Desktop/수업/2학년/플랫폼기반 프로그래밍/study4/src/StringSetManager.java,StringSetManager::print,131,8,Default task
2021-09-16T19:53:03.678+09:00,user,KeyEvent,110:78:0,study4,Editor,C:/Users/user/Desktop/수업/2학년/플랫폼기반 프로그래밍/study4/src/StringSetManager.java,StringSetManager::print,131,8,Default task
2021-09-16T19:53:04.038+09:00,user,KeyEvent,100:68:0,study4,Editor,C:/Users/user/Desktop/수업/2학년/플랫폼기반 프로그래밍/study4/src/StringSetManager.java,StringSetManager::print,131,8,Default task
2021-09-16T19:53:04.428+09:00,user,KeyEvent,114:82:0,study4,Editor,C:/Users/user/Desktop/수업/2학년/플랫폼기반 프로그래밍/study4/src/StringSetManager.java,StringSetManager::print,131,8,Default task
2021-09-16T19:53:04.958+09:00,user,KeyEvent,8:8:0,study4,Editor,C:/Users/user/Desktop/수업/2학년/플랫폼기반 프로그래밍/study4/src/StringSetManager.java,StringSetManager::print,131,8,Default task
2021-09-16T19:53:05.088+09:00,user,KeyEvent,101:69:0,study4,Editor,C:/Users/user/Desktop/수업/2학년/플랫폼기반 프로그래밍/study4/src/StringSetManager.java,StringSetManager::print,131,8,Default task
2021-09-16T19:53:05.229+09:00,user,KeyEvent,114:82:0,study4,Editor,C:/Users/user/Desktop/수업/2학년/플랫폼기반 프로그래밍/study4/src/StringSetManager.java,StringSetManager::print,131,8,Default task
2021-09-16T19:53:06.058+09:00,user,KeyEvent,102:70:0,study4,Editor,C:/Users/user/Desktop/수업/2학년/플랫폼기반 프로그래밍/study4/src/StringSetManager.java,StringSetManager::print,131,8,Default task
2021-09-16T19:53:06.198+09:00,user,KeyEvent,117:85:0,study4,Editor,C:/Users/user/Desktop/수업/2학년/플랫폼기반 프로그래밍/study4/src/StringSetManager.java,StringSetManager::print,131,8,Default task
2021-09-16T19:53:06.319+09:00,user,KeyEvent,108:76:0,study4,Editor,C:/Users/user/Desktop/수업/2학년/플랫폼기반 프로그래밍/study4/src/StringSetManager.java,StringSetManager::print,131,8,Default task
2021-09-16T19:53:06.648+09:00,user,KeyEvent,10:10:0,study4,Editor,C:/Users/user/Desktop/수업/2학년/플랫폼기반 프로그래밍/study4/src/StringSetManager.java,StringSetManager::print,131,8,Default task
2021-09-16T19:53:07.838+09:00,user,KeyEvent,115:83:0,study4,Editor,C:/Users/user/Desktop/수업/2학년/플랫폼기반 프로그래밍/study4/src/StringSetManager.java,StringSetManager::print,131,8,Default task
2021-09-16T19:53:07.968+09:00,user,KeyEvent,111:79:0,study4,Editor,C:/Users/user/Desktop/수업/2학년/플랫폼기반 프로그래밍/study4/src/StringSetManager.java,StringSetManager::print,131,8,Default task
2021-09-16T19:53:08.118+09:00,user,KeyEvent,114:82:0,study4,Editor,C:/Users/user/Desktop/수업/2학년/플랫폼기반 프로그래밍/study4/src/StringSetManager.java,StringSetManager::print,131,8,Default task
2021-09-16T19:53:08.449+09:00,user,KeyEvent,116:84:0,study4,Editor,C:/Users/user/Desktop/수업/2학년/플랫폼기반 프로그래밍/study4/src/StringSetManager.java,StringSetManager::print,131,8,Default task
2021-09-16T19:53:08.762+09:00,user,KeyEvent,32:32:0,study4,Editor,C:/Users/user/Desktop/수업/2학년/플랫폼기반 프로그래밍/study4/src/StringSetManager.java,StringSetManager::print,131,8,Default task
2021-09-16T19:53:09.123+09:00,user,KeyEvent,65535:16:1,study4,Editor,C:/Users/user/Desktop/수업/2학년/플랫폼기반 프로그래밍/study4/src/StringSetManager.java,StringSetManager::print,131,8,Default task
2021-09-16T19:53:09.499+09:00,user,KeyEvent,68:68:1,study4,Editor,C:/Users/user/Desktop/수업/2학년/플랫폼기반 프로그래밍/study4/src/StringSetManager.java,StringSetManager::print,131,8,Default task
2021-09-16T19:53:09.709+09:00,user,KeyEvent,69:69:1,study4,Editor,C:/Users/user/Desktop/수업/2학년/플랫폼기반 프로그래밍/study4/src/StringSetManager.java,StringSetManager::print,131,8,Default task
2021-09-16T19:53:09.948+09:00,user,KeyEvent,83:83:1,study4,Editor,C:/Users/user/Desktop/수업/2학년/플랫폼기반 프로그래밍/study4/src/StringSetManager.java,StringSetManager::print,131,8,Default task
2021-09-16T19:53:10.478+09:00,user,KeyEvent,67:67:1,study4,Editor,C:/Users/user/Desktop/수업/2학년/플랫폼기반 프로그래밍/study4/src/StringSetManager.java,StringSetManager::print,131,8,Default task
2021-09-16T19:53:10.778+09:00,user,KeyEvent,10:10:0,study4,Editor,C:/Users/user/Desktop/수업/2학년/플랫폼기반 프로그래밍/study4/src/StringSetManager.java,StringSetManager::print,131,8,Default task
2021-09-16T19:53:12.934+09:00,user,KeyEvent,99:67:0,study4,Editor,C:/Users/user/Desktop/수업/2학년/플랫폼기반 프로그래밍/study4/src/StringSetManager.java,StringSetManager::print,131,8,Default task
2021-09-16T19:53:13.094+09:00,user,KeyEvent,108:76:0,study4,Editor,C:/Users/user/Desktop/수업/2학년/플랫폼기반 프로그래밍/study4/src/StringSetManager.java,StringSetManager::print,131,8,Default task
2021-09-16T19:53:13.258+09:00,user,KeyEvent,101:69:0,study4,Editor,C:/Users/user/Desktop/수업/2학년/플랫폼기반 프로그래밍/study4/src/StringSetManager.java,StringSetManager::print,131,8,Default task
2021-09-16T19:53:13.508+09:00,user,KeyEvent,97:65:0,study4,Editor,C:/Users/user/Desktop/수업/2학년/플랫폼기반 프로그래밍/study4/src/StringSetManager.java,StringSetManager::print,131,8,Default task
2021-09-16T19:53:13.677+09:00,user,KeyEvent,110:78:0,study4,Editor,C:/Users/user/Desktop/수업/2학년/플랫폼기반 프로그래밍/study4/src/StringSetManager.java,StringSetManager::print,131,8,Default task
2021-09-16T19:53:13.944+09:00,user,KeyEvent,10:10:0,study4,Editor,C:/Users/user/Desktop/수업/2학년/플랫폼기반 프로그래밍/study4/src/StringSetManager.java,StringSetManager::print,131,8,Default task
2021-09-16T19:53:18.218+09:00,user,KeyEvent,115:83:0,study4,Editor,C:/Users/user/Desktop/수업/2학년/플랫폼기반 프로그래밍/study4/src/StringSetManager.java,StringSetManager::print,131,8,Default task
2021-09-16T19:53:18.959+09:00,user,KeyEvent,8:8:0,study4,Editor,C:/Users/user/Desktop/수업/2학년/플랫폼기반 프로그래밍/study4/src/StringSetManager.java,StringSetManager::print,131,8,Default task
2021-09-16T19:53:19.368+09:00,user,KeyEvent,113:81:0,study4,Editor,C:/Users/user/Desktop/수업/2학년/플랫폼기반 프로그래밍/study4/src/StringSetManager.java,StringSetManager::print,131,8,Default task
2021-09-16T19:53:19.499+09:00,user,KeyEvent,117:85:0,study4,Editor,C:/Users/user/Desktop/수업/2학년/플랫폼기반 프로그래밍/study4/src/StringSetManager.java,StringSetManager::print,131,8,Default task
2021-09-16T19:53:19.590+09:00,user,KeyEvent,105:73:0,study4,Editor,C:/Users/user/Desktop/수업/2학년/플랫폼기반 프로그래밍/study4/src/StringSetManager.java,StringSetManager::print,131,8,Default task
2021-09-16T19:53:19.748+09:00,user,KeyEvent,116:84:0,study4,Editor,C:/Users/user/Desktop/수업/2학년/플랫폼기반 프로그래밍/study4/src/StringSetManager.java,StringSetManager::print,131,8,Default task
2021-09-16T19:53:19.949+09:00,user,KeyEvent,10:10:0,study4,Editor,C:/Users/user/Desktop/수업/2학년/플랫폼기반 프로그래밍/study4/src/StringSetManager.java,StringSetManager::print,131,8,Default task
